uniprot_id,ogt,tm,sequence
AAZ54920.1,50,69.01999712,MPPHAARPGPAQNRRGRAMAVITPRRERSSLLSRALRFTAAAATALVTAVSLAAPAHAANPYERGPNPTDALLEARSGPFSVSEERASRFGADGFGGGTIYYPRENNTYGAVAISPGYTGTQASVAWLGERIASHGFVVITIDTNTTLDQPDSRARQLNAALDYMINDASSAVRSRIDSSRLAVMGHSMGGGGTLRLASQRPDLKAAIPLTPWHLNKNWSSVRVPTLIIGADLDTIAPVLTHARPFYNSLPTSISKAYLELDGATHFAPNIPNKIIGKYSVAWLKRFVDNDTRYTQFLCPGPRDGLFGEVEEYRSTCPF
ADM47605.1,50,65.57000399,AANPYERGPNPTDALLEARSGPFSVSEENVSRLSASGFGGGTIYYPRESNTYGAVAISPGYTGTEASIAWLGERIASHGFVVITIDTITTLDQPDSRAEQLNAALNHMINRASSTVRSRIDSSRLAVMGHSMGGGGTLRLASQRPDLKAAIPLTPWHLNKNWSSVTVPTLIIGADLDTIAPVATHAKPFYNSLPSSISKAYLELDGATHFAPNIPNKIIGKYSVAWLKWFVDNDTRYTQFLCPGPRDGLFGEVEEYRSTCPF
ADV92528.1,50,70.86000681,MANPYERGPNPTDALLEARSGPFSVSEENVSRLSASGFGGGTIYYPRENNTYGAVAISPGYTGTEASIAWLGERIASHGFVVITIDTITTLDQPDSRAEQLNAALNHMINRASSTVRSRIDSSRLAVMGHSMGGGGSLRLASQRPDLKAAIPLTPWHLNKNWSSVRVPTLIIGADLDTIAPVLTHARPFYNSLPTSISKAYLELDGATHFAPNIPNKIIGKYSVAWLKRFVDNDTRYTQFLCPGPRDGLFGEVEEYRSTCPF
ALF04778.1,50,71.83000803,ANPYERGPNPTDALLEASSGPFSVSEENVSRLSASGFGGGTIYYPRENNTYGAVAISPGYTGTEASIAWLGERIASHGFVVITIDTITTLDQPDSRAEQLNAALNHMINRASSTVRSRIDSSRLAVMGHSMGGGGTLRLASQRPDLKAAIPLTPWHLNKNWSSVTVPTLIIGADLDTIAPVATHAKPFYNSLPSSISKAYLELDGATHFAPNIPNKIIGKYSVAWLKRFVDNDTRYTQFLCPGPRDGLFGEVEEYRSTCPFLEHHHHHH
CAH17554.1,50,68.35000277,MAVMTPRRERSSLLSRALRFTAAAATALVTAVSLAAPAHAANPYERGPNPTDALLEARSGPFSVSEERASRFGADGFGGGTIYYPRENNTYGAVAISPGYTGTQASVAWLGKRIASHGFVVITIDTNTTLDQPDSRARQLNAALDYMINDASSAVRSRIDSSRLAVMGHSMGGGGSLRLASQRPDLKAAIPLTPWHLNKNWSSVRVPTLIIGADLDTIAPVLTHARPFYNSLPTSISKAYLELDGATHFAPNIPNKIIGKYSVAWLKRFVDNDTRYTQFLCPGPRDGLFGEVEEYRSTCPF
CBY05529.1,50,69.93000269,MPPHAARPGPAQNRRGCAMAVMTPRRERSSLLSRALQVTAAAATALVTAVSLAAPAHAANPYERGPNPTDALLEARSGPFSVSEENVSRLGASGFGGGTIYYPRENNTYGAVAISPGYTGTQASVAWLGKRIASHGFVVITIDTITTLDQPDSRARQLNAALDYMINDASSAVRSRIDSSRLAVMGHSMGGGGSLRLASQRPDLKAAIPLTPWHLNKNWSSVRVPTLIIGADLDTIAPVLTHARPFYNSLPTSISKAYLELDGATHFAPNIPNKIIGKYSVAWLKRFVDNDTRYTQFLCPGPRDGLFGEVEEYRSTCPF
CDN67547.1,50,69.96000051,ANPYERGPNPTDALLEARSGPFSVSEENVSRLSASGFGGGTIYYPRENNTYGAVAISPGYTGTEASIAWLGERIASHGFVVITIDTITTLDQPDSRAEQLNAALNHMINRASSTVRSRIDSSRLAVMGHSMGGGGSLRLASQRPDLKAAIPLTPWHLNKNWSSVTVPTLIIGADLDTIAPVATHAKPFYNSLPSSISKAYLELDGATHFAPNIPNKIIGKYSVAWLKRFVDNDTRYTQFLCPGPRDGLFGEVEEYRSTCPFY
WP_012851645.1,50,67.18000174,MSLRKSFGLLSATAALVAGLVAAPPAQAAANPYQRGPDPTESLLRAARGPFAVSEQSVSRLSVSGFGGGRIYYPTTTSQGTFGAIAISPGFTASWSSLAWLGPRLASHGFVVIGIETNTRLDQPDSRGRQLLAALDYLTQRSSVRNRVDASRLAVAGHSMGGGGTLEAAKSRTSLKAAIPIAPWNLDKTWPEVRTPTLIIGGELDSIAPVATHSIPFYNSLTNAREKAYLELNNASHFFPQFSNDTMAKFMISWMKRFIDDDTRYDQFLCPPPRAIGDISDYRDTCPHT
WP_062195544.1,55,67.25000381,MSPSTLSTILLAACAALAAPGLAQAQYQKGPDPTASALERNGPFAIRSTSVSRTSVSGFGGGRLYYPTASGTYGAIAVSPGFTGTSSTMTFWGERLASHGFVVLVIDTITLYDQPDSRARQLKAALDYLATQNGRSSSPIYRKVDTSRRAVAGHSMGGGGSLLAARDNPSYKAAIPMAPWNTSSTAFRTVSVPTMIFGCQDDSIAPVFSHAIPFYNAIPNSTRKNYVEIRNDDHFCVMNGGGHDATLGKLGISWMKRFVDNDTRYSPFVCGAEYNRVVSSYEVSRSYNNCPY
WP_093412886.1,45,76.21000528,MELKRSTGSLTRLLVASAAVFGLLAGNATLAQAAEPADVHGPDPTEESITAPRGPFEVDEESVSRLSVSGFGGGTIYYPTDTTDGLFSAVSISPGFTGTQETMAWYGPRLASQGFVVFTIDTITTTDQPDSRARQLQASLDYLVNDSDVKDIIDPARLGVMGHSMGGGGSLKAALDNPALKAAIPLTPWHTTKDFSGVQTPTLIIGAQNDTVAPVSQHAKPFYESLPDDPGKAYLELAGASHLAPNTDNTTIAKFSIAWLKRFLDDDTRYDQFLCPPPENDDSISDYQSTCPY
WP_104613137.1,50,70.28000593,MAVMTPRRERSSLLSRALQVTAAAATALVTAVSLAAPAHAANPYERGPNPTDALLEARSGPFSVSEENVSRLSASGFGGGTIYYPRENNTYGAVAISPGYTGTEASIAWLGKRIASHGFVVITIDTITTLDQPDSRAEQLNAALNHMINRASSTVRSRIDSSRLAVMGHSMGGGGSLRLASQRPDLKAAIPLTPWHLNKNWSSVRVPTLIIGADLDTIAPVLTHARPFYNSLPTSISKAYLELDGATHFAPNIPNKIIGKYSVAWLKRFVDNDTRYTQFLCPGPRDGLFGEVEEYRSTCPF
WP_117215036.1,54.7,68.19999933,MQLNKTQASPVAGHASRVWTRAIAAASLGILTAIAVPGPAMAADNPYQRGPDPTRDSVAASRGTFATASTTVGSGNGFGAGFIYYPTDTSQGTFGAVAIVPGYTATWAAEGAWMGHWLASFGFVVIGIDTINRNDWDTARGTQLLAALDYLTQRSTVRDRVDASRLAVMGHSMGGGGAMYAALQRPSLKAAVGLAPFSPSQNLNGMRVPTMLLAGQHDTTTTPASITSLYNGIPAATEKAYLELSGAGHGFPTSNNSVMMRKVIPWLKIFVDSDVRYTQFLCPLMDNTGIRSYQSTCPLLPGTPTPPNRYEAETSPAVCTGTIASNHTGYSGTGFCDGNNATNAYAQFTVNASAAGSMTLRVRFANGTTTARPASLIVNGSTVQTPSFEGTGAWTTWATKTLTVTLNAGNNTIRFNPTTANGLPNLDYIEIAAP
B1WB01,34.96,67,MASQLSYLQRELLRALLESGVTKEALKKALADGEDYTYPNVPLDDIRNLDEGENCVQLPNGLGDPQISEDESSDDGGDFTPPIMKELERLSPEEAAHQKAVVERLLQEDPWHVAKLIKSYLQQHNIPQREVVDTTGLNQSHLSQHLNKGTPMKTQKRAALYTWYVGKQRDIAKQFTHAGQGMLTDDMSCDEAPNKKMRRNRFKWGPASQQILFQAYERQKNPSKEEREALVEECNRAECLQRGVSPSQAQGLGSNLVTEVRVYNWFANRRKEEAFRHKLAMDTYNGQQSSAPPLSVHDLPHGKAPGLRYTQDSSTDRSAAMVNSTLSPSALEPSNSLMNSDSKMVPISGGSLPPVSTLTALHSVDHSQHTLGQTQNLIMASLPSVMTIGTDTALGPAFSNPGSSTLVIGLASQTQSVPVINSVGSSLTTLQSVQFSQQLHPSHQQPIVQQVQSHMAQSPFMATMAQLQPPHALYSHKPEVAQYASAGFFPQTMVITDTSNLGTLTSLTPSKQVVPLHPIAQGDSPGSHLQDSSILHLHHSHRLSPIPTVSSASLAHYQNSSSPENHSHLLSPSHSTIDSFMSTQMASSSQ
P00712,27.18,71.2,MMSFVSLLLVGILFHATQAEQLTKCEVFQKLKDLKDYGGVSLPEWVCTAFHTSGYDTQAIVQNNDSTEYGLFQINNKIWCKDDQNPHSRNICNISCDKFLDDDLTDDIVCAKKILDKVGINYWLAHKALCSEKLDQWLCEKL
P01704,21.99,60.53,MAWALLLLTLLTQGTGSWAQSALTQPASVSGSPGQSITISCTGTSSDVGGYNYVSWYQQHPGKAPKLMIYEVSNRPSGVSNRFSGSKSGNTASLTISGLQAEDEADYYCSSYTSSSTLHS
P03036,24.4,70.7,MQTLSERLKKRRIALKMTQTELATKAGVKQQSIQLIEAGVTKRPRFLFEIAMALNCDPVWLQYGTKRGKAA
P06996,28.15,66.8,MKVKVLSLLVPALLVAGAANAAEVYNKDGNKLDLYGKVDGLHYFSDNKDVDGDQTYMRLGFKGETQVTDQLTGYGQWEYQIQGNSAENENNSWTRVAFAGLKFQDVGSFDYGRNYGVVYDVTSWTDVLPEFGGDTYGSDNFMQQRGNGFATYRNTDFFGLVDGLNFAVQYQGKNGNPSGEGFTSGVTNNGRDALRQNGDGVGGSITYDYEGFGIGGAISSSKRTDAQNTAAYIGNGDRAETYTGGLKYDANNIYLAAQYTQTYNATRVGSLGWANKAQNFEAVAQYQFDFGLRPSLAYLQSKGKNLGRGYDDEDILKYVDVGATYYFNKNMSTYVDYKINLLDDNQFTRDAGINTDNIVALGLVYQF
P0CL66,27.83,66.5,MKKYLLGIGLILALIACKQNVSSLDEKNSVSVDLPGEMKVLVSKEKNKDGKYDLIATVDKLELKGTSDKNNGSGVLEGVKADKSKVKLTISDDLGQTTLEVFKEDGKTLVSKKVTSKDKSSTEEKFNEKGEVSEKIITRADGTRLEYTGIKSDGSGKAKEVLKGYVLEGTLTAEKTTLVVKEGTVTLSKNISKSGEVSVELNDTDSSAATKKTAAWNSGTSTLTITVNSKKTKDLVFTKENTITVQQYDSNGTKLEGSAVEITKLDEIKNALK
P24530,30.62,73,MQPPPSLCGRALVALVLACGLSRIWGEERGFPPDRATPLLQTAEIMTPPTKTLWPKGSNASLARSLAPAEVPKGDRTAGSPPRTISPPPCQGPIEIKETFKYINTVVSCLVFVLGIIGNSTLLRIIYKNKCMRNGPNILIASLALGDLLHIVIDIPINVYKLLAEDWPFGAEMCKLVPFIQKASVGITVLSLCALSIDRYRAVASWSRIKGIGVPKWTAVEIVLIWVVSVVLAVPEAIGFDIITMDYKGSYLRICLLHPVQKTAFMQFYKTAKDWWLFSFYFCLPLAITAFFYTLMTCEMLRKKSGMQIALNDHLKQRREVAKTVFCLVLVFALCWLPLHLSRILKLTLYNQNDPNRCELLSFLLVLDYIGINMASLNSCINPIALYLVSKRFKNCFKSCLCCWCQSFEEKQSLEEKQSCLKFKANDHGYDNFRSSNKYSSS
P32245,52.43,60,MVNSTHRGMHTSLHLWNRSSYRLHSNASESLGKGYSDGGCYEQLFVSPEVFVTLGVISLLENILVIVAIAKNKNLHSPMYFFICSLAVADMLVSVSNGSETIVITLLNSTDTDAQSFTVNIDNVIDSVICSSLLASICSLLSIAVDRYFTIFYALQYHNIMTVKRVGIIISCIWAACTVSGILFIIYSDSSAVIICLITMFFTMLALMASLYVHMFLMARLHIKRIAVLPGTGAIRQGANMKGAITLTILIGVFVVCWAPFFLHLIFYISCPQNPYCVCFMSHFNLYLILIMCNSIIDPLIYALRSQELRKTFKEIICCYPLGGLCDLSSRY
P37001,14.52,78,MNVSKYVAIFSFVFIQLISVGKVFANADEWMTTFRENIAQTWQQPEHYDLYIPAITWHARFAYDKEKTDRYNERPWGGGFGLSRWDEKGNWHGLYAMAFKDSWNKWEPIAGYGWESTWRPLADENFHLGLGFTAGVTARDNWNYIPLPVLLPLASVGYGPVTFQMTYIPGTYNNGNVYFAWMRFQF
P69776,48.75,60,MKATKLVLGAVILGSTLLAGCSSNAKIDQLSSDVQTLNAKVDQLSNDVNAMRSDVQAAKDDAARANQRLDNMATKYRK
Q9X6J6,25.02,82,MYTNSDFVVIKALEDGVNVIGLTRGADTRFHHSEKLDKGEVLIAQFTEHTSAIKVRGKAYIQTRHGVIESEGKK
Q9Y277,32.68,66.2,MCNTPTYCDLGKAAKDVFNKGYGFGMVKIDLKTKSCSGVEFSTSGHAYTDTGKASGNLETKYKVCNYGLTFTQKWNTDNTLGTEISWENKLAEGLKLTLDTIFVPNTGKKSGKLKASYKRDCFSVGSNVDIDFSGPTIYGWAVLAFEGWLAGYQMSFDTAKSKLSQNNFALGYKAADFQLHTHVNDGTEFGGSIYQKVNEKIETSINLAWTAGSNNTRFGIAAKYMLDCRTSLSAKVNNASLIGLGYTQTLRPGVKLTLSALIDGKNFSAGGHKVGLGFELEA
1TQH_A,29.66,74.07,PPKPFFFEAGERAVLLLHGFTGNSADVRMLGRFLESKGYTCHAPIYKGHGVPPEELVHTGPDDWWQDVMNGYEFLKNKGYEKIAVAGLSLGGVFSLKLGYTVPIEGIVTMCAPMYIKSEETMYEGVLEYAREYKKREGKSEEQIEQEMEKFKQTPMKTLKALQELIADVRDHLDLIYAPTFVVQARHDEMINPDSANIIYNEIESPVKQIKWYEQSGHVITLDQEKDQLHEDIYAFLESLDW
4EB0_A,51.8,84.7,SNPYQRGPNPTRSALTADGPFSVATYTVSRLSVSGFGGGVIYYPTGTSLTFGGIAMSPGYTADASSLAWLGRRLASHGFVVLVINTNSRFDYPDSRASQLSAALNYLRTSSPSAVRARLDANRLAVAGHSMGGGGTLRIAEQNPSLKAAVPLTPWHTDKTFNTSVPVLIVGAEADTVAPVSQHAIPFYQNLPSTTPKVYVELDNASHFAPNSNNAAISVYTISWMKLWVDNDTRYRQFLCNVNDPALSDFRTNNRHCQ
